path	http_status	bytes	sha256	git_match	live_git_blob	main_git_blob
README.md	200	730	14095af608a3056344c80262f594837be9ff805d5ada848d0a1736730aa0ad48	exact-head	4e17f4c4272aba905b799a427789ee6daa9634bb	4e17f4c4272aba905b799a427789ee6daa9634bb
__init__.py	200	193	0dbc8a57fa31d19cdd65cf2ddff88d1c7ee8b1ff80fbcc0dca81514a9f62ea89	exact-head	0db5953a56c6efcc97406e9c0d50448fb83bac7b	0db5953a56c6efcc97406e9c0d50448fb83bac7b
admin-payments.html	200	4926	2e7faf66873f5a9854cfc68d7b0dbbd970dcb2480ade09724989617856f28008	not-in-git	92d266d1127b357fd6a0f70dac6a703267aa0654	a876e6c1ed2ef571d0c3fc8695f1f2471a215cb5
analytics.css	200	12811	25348883f1107264689242b993a7417891110fb1ad8a929fcbbd0813acc6a9ca	exact-head	b76fdcd4e3d1a0dcc0bd0d7e247add2a9c822669	b76fdcd4e3d1a0dcc0bd0d7e247add2a9c822669
analytics.html	200	6050	a0270a87ee9873ad9d0a53a97fce96b1520eafe780aff728b1345f7e5779fd92	not-in-git	2563de82cf641257d88ef02da5a0f8d3bea24fc9	d17f4e78a72ecebe5d56068a28169ab2eaac72a1
analytics.js	200	11847	0846310ccc59d46e4c26fc9bc5ee1bf0970691a0e4ccc8d2c25651797b5865cd	exact-head	ca1f61a6ae00b755a75eece103ac546aa5f56260	ca1f61a6ae00b755a75eece103ac546aa5f56260
api-client.js	200	2570	4733dfa7d82b8715594c1e0a0e4eb43cf8107dd465648c9fe9aa899d9d5c61b8	not-in-git	670ef0297395b023bc5f5989140827885d9c0e51	09d0d4c7227c0820a05819123c7d44e9e179f8c3
app.js	200	374035	a98b6feafd18ba515b2d643964239965903af7d0d9227f02df4e16cbecf66232	not-in-git	4b30dee986c39bc77788b19e6e8c69dba50f0f8c	f8f34d779fd83ab169361972ba77954394c0d77d
assets/computer-use-ui-v1.png	200	69418	6383ced2b42873d2338cf4e9221abb641645e9e8e1607b3c5f35e05da7247001	exact-head	b349b15c0302debce9991bca4bab87bbe9b23381	b349b15c0302debce9991bca4bab87bbe9b23381
assets/ds160-preview-ui-v1.png	200	61515	c1afe8d480d63c4d2d234cae13dbe66608987976cd6fe25c484f21ddb8a12c68	exact-head	758b7c7d282bd8fdc0afa477d019865f4cbe3a70	758b7c7d282bd8fdc0afa477d019865f4cbe3a70
assets/westoryvisa-mark.svg	200	361	39a8aa1e3d493e2560835926509c33e7f15162b6d99b8e4ed87f0a3bc577fb91	exact-head	c3e6fa3b90f8a9127c5cfa65418d89b2be483ecd	c3e6fa3b90f8a9127c5cfa65418d89b2be483ecd
billing.js	200	15473	cbfccdd3fc602ae10831a5a2b1cd4a0f299353f8621ec4f698b813f562286731	not-in-git	36133d736190ed68d7dde6ef96d1dfb3a9195810	5a349a67a4ad3fccb672c0812fc7a0562516bcad
contact.html	200	3612	bf37b7709f0bac6e5798c06078303b0d6196e67d3087658c73314246d9eb8ccc	not-in-git	1239890a1a9e220952f63ac9f5154679eb37a0e4	8cb204f6bd3b4c1fc4b765156b8a85f3a6b3510f
dev_server.py	200	4706	3273a4c0d3ece07232e8f97e4bdb71072c1a36ef046851be0be7f383ab5ccd66	exact-head	b729eadaf2d7c9d077863fedb9e259c46184b54a	b729eadaf2d7c9d077863fedb9e259c46184b54a
legal.css	200	3610	856233d320abe1d99a1460ce074f404f2f5008c7e26e7ef255d2ba22b03a3e20	exact-head	4eeab1298ddafa4f17903a1017861ede9bc74a8d	4eeab1298ddafa4f17903a1017861ede9bc74a8d
legal.js	200	3743	caaac37e0f55c2a57ccc8278632a5f6fc00031114306d565ad688990242252bf	exact-head	c5d7557cf858526b7b0cd4daf8293a6ff1aeca41	c5d7557cf858526b7b0cd4daf8293a6ff1aeca41
membership.html	200	7103	27711713d4372c7c1b1dd367924d327a16871e49f58503f890131f01407adce5	not-in-git	62fbc528d91a97e90a54adb7886e3b3da7c5977a	f0fcf3c1f79f556b8e833434208f10943ebe129e
mockData.js	200	6350	c97c2bd7170886f925d62be7329a13240e54fb187195355c03725b0bba84ea0b	not-in-git	785d5886a249aca3264aef30fc16b68eb818e872	6ab98cb9018f5280e36c9002819b5f65b406c974
privacy.html	200	5778	b9cb724701bc57933ad375f0ecd948366cc79fd388a2eacb9e59034edef0ec1c	not-in-git	db840372725de0a8cb58fd1632f7d93d7b48e4e7	48fea9361a0e1a59831abd8544f5eabac9288948
product.css	200	52257	d8dd1a64eb6a2d899dd3ab8fdab0bad8261e898ea0a30550a4acaaa9d114c248	exact-head	735e18a1d3dfca2b885f5e334905a355c37de5a8	735e18a1d3dfca2b885f5e334905a355c37de5a8
product.html	200	18116	324add10eec8b4674aca79e6c802bce590699b258d09d4d00fe23a775edaaf08	not-in-git	6ef400460a3eeb48bf3814fbc4c7cadac7360a35	5f044d80c1190c9b3614b263511ced94376ad909
product.js	200	22188	76f2b07578cca4f199784b3e5f0efd97b44caff07cbc0b5a809c558951766135	exact-head	a27d55c299b4e4a51392f1aa23790e625a5c7b48	a27d55c299b4e4a51392f1aa23790e625a5c7b48
promo/encode-promo.swift	200	5049	e4fecc505a79b0ece52efb27ed56b4c80e87cd2b5386b8a2f0608f5d0b4900e5	exact-head	c1cc242e6f3f1668654a9daf12ad0a7e4d477cb4	c1cc242e6f3f1668654a9daf12ad0a7e4d477cb4
promo/promo-video.css	200	16962	588999546c0eb43c847b0c8046ed12f2863ab09e8922dee9a2080d94566b21f5	exact-head	253d28daa62ea41887a24d51f9b6759649c69d3c	253d28daa62ea41887a24d51f9b6759649c69d3c
promo/promo-video.html	200	5282	1252d473c51c3a12bf25e75e0cdd17b8cb29ab2fbaaedaaa5573575d69c30eaf	exact-head	964cfb7c51e1e8a2357a9e3389e2ad76ea2dfc85	964cfb7c51e1e8a2357a9e3389e2ad76ea2dfc85
promo/render-promo.cjs	200	1528	05b931bb3196adffb171a91a6d4bf638d93ea6649f51ca4073c31c5d27ad6063	exact-head	984f5593dc585ac393b4814411a0ad4ab1c0fafb	984f5593dc585ac393b4814411a0ad4ab1c0fafb
promo/rendered/docflow-promo-30s.mp4	200	8072725	6759420b97e89b8e5253659ec143fbf2fbb22c57c283cc3f71b7891c2367b7e0	exact-head	05c31a572c90238d38cbecde2f0367bb66c332af	05c31a572c90238d38cbecde2f0367bb66c332af
promo/rendered/docflow-promo-30s.webm	200	3357292	d217a381e64ec1bef05660881d0de8c656fef2854d20d68a053b31d0533473a6	exact-head	ff7ac4f09e1fd7058ad403809a862f9313c5d4ab	ff7ac4f09e1fd7058ad403809a862f9313c5d4ab
refund-policy.html	200	4576	4eb7c571f5414ebe426ca75217ae8579bbf512b3316ea66797f39fa9a79d4a71	not-in-git	1326a9f493fcb2e7e20d0d4c2cc67d6cb7a6109e	b27658c6fa2a057b8c1e70f3b82988a92d6e95d5
roadshow.html	200	45180	2924c8ab8ce52efbd9579ee7bd1957450036ece14319284e242c02ca57629aa5	exact-head	f0f3bbab2dba11bc9cac24b338b81bed5ea75dc7	f0f3bbab2dba11bc9cac24b338b81bed5ea75dc7
runtime-config.js	200	264	229f9920ab655391e7e6d41f00824258429e50138c9e76b4e9b3388f0e992e42	exact-head	b870d5a6413ccaa1332f3e3469456be3b46be838	b870d5a6413ccaa1332f3e3469456be3b46be838
screen-agent-target.css	200	7374	a3d09339542163476ae8756e7da64e2da3cfd40897177d0e4703a9aba92ad4fe	exact-head	95466a7f8455e504444b3df639e5d81fe1bd812c	95466a7f8455e504444b3df639e5d81fe1bd812c
screen-agent-target.html	200	6453	8b8a6d061f2673e3cd16a45edf244ba654e802c819035ee0e7c3dc18758bffca	exact-head	bafbc13b16939a4f77825ff01979dfb281885df2	bafbc13b16939a4f77825ff01979dfb281885df2
screen-agent-target.js	200	1076	0cb9b807657e73f8ac6347a829e18ad647058449fe9f9181703807c6d0f82521	exact-head	4b79b1c04251688155fbe65e5c01399f26461bc0	4b79b1c04251688155fbe65e5c01399f26461bc0
site-country.css	200	7167	112bf60231b7cef5728b8882ac7e6b93958ed1ae7137fee64a3ab88ab7c378f7	not-in-git	de9759ad34cc3255b3700bcde2d86353cd361e8f	-
site-country.js	200	130985	4f6b17e7ad3afb57fcf0b75ac83cbfb2cebce241175c07e113af50b3441c0b5c	not-in-git	0cf05c0dddf07d343ac361b2d1958cebe0f3ef8c	-
styles.css	200	140441	2eb8e0e2550b72db471a10a94810f4eb5e06afefe9dfd3bfdbf268a021eef46e	not-in-git	5449547028caf7052da3d3c56ab5f1d8b973112c	404ccbaa4cacbd4e3817fb901ab229441796a077
terms.html	200	6092	0febf94a05a1a43309848c62f1606fe59938c810c3333b99c1d510b7695082a2	not-in-git	21a69a123decc74b47ac7a6749ba3c4b41eff248	1af9514b409082b669013fed45ba1484731a517f
workspace.html	200	1161	f9ca897a7984ff86cd206155a5ab3727ac543c2a8bc4ab80f053e574638f01b3	not-in-git	aa53082f43554fa7c143991a44dcf1b5244142af	164da08ed6ed3242125f90735b9106c059bf368f
